A1,Anonsense1,Aprime1,B1,Burst1_onorig_targ_allele1,Burst1_onpara_targ_allele1,Burst1_off_targ_allele1,Burst1_onorig_targ_allele2,Burst1_onpara_targ_allele2,Burst1_off_targ_allele2,Burst1_on_para_allele1,Burst1_on_para_allele2,Burst1_on_orig_allele1,Burst1_on_orig_allele2,Burst1_is_mutated_allele1,Burst1_is_mutated_allele2,time
557,0,0,20,0,0,1,0,0,1,0,0,0,0,0,0,599
314,0,0,9,0,0,1,0,0,1,0,0,1,1,0,0,899
458,0,0,89,1,0,0,0,0,1,0,0,0,0,0,0,1199
384,0,0,39,0,0,1,0,0,1,0,0,1,1,0,0,1499
357,0,0,13,0,0,1,0,0,1,0,0,0,1,0,0,1799
493,0,0,23,0,0,1,0,0,1,0,0,0,0,0,0,2099
517,0,0,55,0,0,1,0,0,1,0,0,1,1,0,0,2399
157,0,0,0,0,0,1,0,0,1,0,0,0,0,0,0,2699
430,0,0,6,0,0,1,0,0,1,0,0,0,1,0,0,2999
416,0,0,71,0,0,1,0,0,1,0,0,0,1,0,0,3299
299,0,0,10,0,0,1,0,0,1,0,0,0,1,0,0,3599
331,0,0,33,0,0,1,0,0,1,0,0,0,0,0,0,3899
447,0,0,22,0,0,1,0,0,1,0,0,0,0,0,0,4199
405,0,0,4,0,0,1,0,0,1,0,0,1,0,0,0,4499
432,0,0,46,0,0,1,0,0,1,0,0,1,0,0,0,4799
412,0,0,86,0,0,1,0,0,1,0,0,1,1,0,0,5099
275,0,0,61,0,0,1,0,0,1,0,0,1,0,0,0,5399
535,0,0,63,0,0,1,0,0,1,0,0,0,1,0,0,5699
512,0,0,10,0,0,1,0,0,1,0,0,1,1,0,0,5999
529,0,0,11,0,0,1,0,0,1,0,0,1,1,0,0,6299
355,0,0,27,0,0,1,0,0,1,0,0,0,1,0,0,6599
614,0,0,8,0,0,1,0,0,1,0,0,1,1,0,0,6899
257,0,0,3,0,0,1,0,0,1,0,0,0,0,0,0,7199
469,0,0,2,0,0,1,0,0,1,0,0,0,0,0,0,7499
399,0,0,48,0,0,1,0,0,1,0,0,0,0,0,0,7799
536,0,0,2,1,0,0,0,0,1,0,0,0,1,0,0,8099
436,0,0,27,0,0,1,0,0,1,0,0,1,0,0,0,8399
462,0,0,4,0,0,1,0,0,1,0,0,0,1,0,0,8699
307,0,0,11,0,0,1,0,0,1,0,0,0,0,0,0,8999
410,0,0,4,0,0,1,0,0,1,0,0,0,0,0,0,9299
410,0,0,5,0,0,1,0,0,1,0,0,1,0,0,0,9599
419,0,0,46,0,0,1,0,0,1,0,0,1,0,0,0,9899
429,0,0,3,0,0,1,0,0,1,0,0,0,0,0,0,10199
432,0,0,95,0,0,1,0,0,1,0,0,0,0,0,0,10499
378,0,0,38,0,0,1,0,0,1,0,0,1,0,0,0,10799
457,0,0,14,0,0,1,0,0,1,0,0,1,0,0,0,11099
419,0,0,0,0,0,1,0,0,1,0,0,0,0,0,0,11399
343,0,0,31,0,0,1,0,0,1,0,0,0,1,0,0,11699
437,0,0,0,0,0,1,0,0,1,0,0,0,0,0,0,11999
467,0,0,34,0,0,1,0,0,1,0,0,0,0,0,0,12299
489,0,0,24,0,0,1,0,0,1,0,0,0,1,0,0,12599
450,0,0,56,0,0,1,0,0,1,0,0,0,0,0,0,12899
405,0,0,96,1,0,0,1,0,0,0,0,1,0,0,0,13199
310,0,0,12,0,0,1,0,0,1,0,0,1,0,0,0,13499
406,0,0,18,0,0,1,0,0,1,0,0,1,1,0,0,13799
514,0,0,11,0,0,1,0,0,1,0,0,0,0,0,0,14099
540,0,0,81,1,0,0,1,0,0,0,0,1,0,0,0,14399
433,0,0,11,0,0,1,0,0,1,0,0,1,0,0,0,14699
460,0,0,99,0,0,1,0,0,1,0,0,1,0,0,0,14999
461,0,0,1,0,0,1,0,0,1,0,0,0,1,0,0,15299
439,0,0,30,0,0,1,0,0,1,0,0,0,1,0,0,15599
327,0,0,11,0,0,1,0,0,1,0,0,1,0,0,0,15899
592,0,0,59,0,0,1,0,0,1,0,0,1,1,0,0,16199
480,0,0,99,0,0,1,0,0,1,0,0,0,1,0,0,16499
304,0,0,32,0,0,1,1,0,0,0,0,0,0,0,0,16799
422,0,0,42,0,0,1,0,0,1,0,0,0,0,0,0,17099
382,0,0,25,0,0,1,0,0,1,0,0,0,1,0,0,17399
545,0,0,49,0,0,1,0,0,1,0,0,0,0,0,0,17699
553,0,0,62,0,0,1,0,0,1,0,0,1,0,0,0,17999
434,0,0,16,0,0,1,0,0,1,0,0,0,0,0,0,18299
406,0,0,43,0,0,1,0,0,1,0,0,1,0,0,0,18599
432,0,0,63,1,0,0,0,0,1,0,0,1,0,0,0,18899
478,0,0,12,0,0,1,0,0,1,0,0,0,1,0,0,19199
401,0,0,49,0,0,1,0,0,1,0,0,0,0,0,0,19499
574,0,0,6,0,0,1,1,0,0,0,0,0,0,0,0,19799
487,0,0,29,0,0,1,0,0,1,0,0,0,0,0,0,20099
520,0,0,101,0,0,1,0,0,1,0,0,1,0,0,0,20399
424,0,0,15,0,0,1,0,0,1,0,0,0,0,0,0,20699
508,0,0,19,0,0,1,0,0,1,0,0,1,0,0,0,20999
662,0,0,7,0,0,1,0,0,1,0,0,0,1,0,0,21299
396,0,0,110,0,0,1,0,0,1,0,0,0,0,0,0,21599
483,0,0,51,0,0,1,0,0,1,0,0,0,1,0,0,21899
539,0,0,14,0,0,1,0,0,1,0,0,0,0,0,0,22199
579,0,0,21,0,0,1,0,0,1,0,0,1,1,0,0,22499
440,0,0,2,0,0,1,0,0,1,0,0,0,0,0,0,22799
516,0,0,37,0,0,1,0,0,1,0,0,1,0,0,0,23099
430,0,0,44,0,0,1,0,0,1,0,0,0,0,0,0,23399
374,0,0,34,0,0,1,0,0,1,0,0,1,1,0,0,23699
441,0,0,92,0,0,1,0,0,1,0,0,1,0,0,0,23999
528,0,0,69,0,0,1,0,0,1,0,0,0,1,0,0,24299
413,0,0,35,0,0,1,0,0,1,0,0,1,1,0,0,24599
240,0,0,8,0,0,1,0,0,1,0,0,0,0,0,0,24899
349,0,0,14,0,0,1,0,0,1,0,0,0,0,0,0,25199
519,0,0,13,0,0,1,0,0,1,0,0,1,1,0,0,25499
493,0,0,78,0,0,1,0,0,1,0,0,1,0,0,0,25799
588,0,0,41,0,0,1,0,0,1,0,0,1,0,0,0,26099
404,0,0,12,0,0,1,0,0,1,0,0,0,1,0,0,26399
347,0,0,43,0,0,1,0,0,1,0,0,0,1,0,0,26699
319,0,0,0,0,0,1,0,0,1,0,0,0,1,0,0,26999
430,0,0,16,0,0,1,0,0,1,0,0,0,0,0,0,27299
476,0,0,28,0,0,1,0,0,1,0,0,0,0,0,0,27599
572,0,0,32,0,0,1,0,0,1,0,0,1,1,0,0,27899
498,0,0,90,0,0,1,0,0,1,0,0,0,1,0,0,28199
420,0,0,22,0,0,1,0,0,1,0,0,0,0,0,0,28499
377,0,0,15,0,0,1,0,0,1,0,0,0,0,0,0,28799
453,0,0,70,0,0,1,0,0,1,0,0,0,0,0,0,29099
407,0,0,60,0,0,1,0,0,1,0,0,0,0,0,0,29399
339,0,0,53,0,0,1,1,0,0,0,0,0,0,0,0,29699
511,0,0,1,0,0,1,0,0,1,0,0,0,1,0,0,29999
522,0,0,71,0,0,1,0,0,1,0,0,1,1,0,0,30299
390,0,0,55,0,0,1,0,0,1,0,0,1,1,0,0,30599
375,0,0,15,1,0,0,0,0,1,0,0,0,1,0,0,30899
543,0,0,136,0,0,1,0,0,1,0,0,1,0,0,0,31199
701,0,0,27,0,0,1,0,0,1,0,0,0,0,0,0,31499
441,0,0,96,0,0,1,0,0,1,0,0,0,1,0,0,31799
413,0,0,30,0,0,1,0,0,1,0,0,1,1,0,0,32099
386,0,0,10,0,0,1,0,0,1,0,0,0,1,0,0,32399
339,0,0,7,0,0,1,0,0,1,0,0,1,1,0,0,32699
213,0,0,5,0,0,1,0,0,1,0,0,0,0,0,0,32999
411,0,0,11,0,0,1,0,0,1,0,0,1,0,0,0,33299
370,0,0,49,1,0,0,0,0,1,0,0,0,0,0,0,33599
441,0,0,115,0,0,1,0,0,1,0,0,0,0,0,0,33899
413,0,0,25,0,0,1,0,0,1,0,0,1,0,0,0,34199
314,0,0,83,1,0,0,0,0,1,0,0,0,0,0,0,34499
422,0,0,16,0,0,1,0,0,1,0,0,0,0,0,0,34799
453,0,0,108,0,0,1,0,0,1,0,0,1,0,0,0,35099
453,0,0,4,0,0,1,0,0,1,0,0,0,0,0,0,35399
343,0,0,8,0,0,1,0,0,1,0,0,0,1,0,0,35699
450,0,0,16,0,0,1,0,0,1,0,0,0,1,0,0,35999
271,0,0,30,0,0,1,0,0,1,0,0,0,0,0,0,36299
277,0,0,4,0,0,1,0,0,1,0,0,0,0,0,0,36599
536,0,0,80,0,0,1,0,0,1,0,0,0,0,0,0,36899
422,0,0,10,0,0,1,0,0,1,0,0,1,0,0,0,37199
355,0,0,63,0,0,1,0,0,1,0,0,0,1,0,0,37499
272,0,0,62,0,0,1,0,0,1,0,0,0,0,0,0,37799
552,0,0,6,0,0,1,0,0,1,0,0,0,1,0,0,38099
569,0,0,65,0,0,1,0,0,1,0,0,0,0,0,0,38399
324,0,0,56,0,0,1,0,0,1,0,0,1,0,0,0,38699
327,0,0,3,0,0,1,0,0,1,0,0,0,1,0,0,38999
464,0,0,13,0,0,1,0,0,1,0,0,0,0,0,0,39299
286,0,0,5,0,0,1,0,0,1,0,0,1,0,0,0,39599
480,0,0,11,0,0,1,0,0,1,0,0,0,0,0,0,39899
589,0,0,149,0,0,1,0,0,1,0,0,0,0,0,0,40199
400,0,0,30,0,0,1,0,0,1,0,0,0,0,0,0,40499
454,0,0,53,0,0,1,0,0,1,0,0,0,0,0,0,40799
612,0,0,27,0,0,1,0,0,1,0,0,0,1,0,0,41099
599,0,0,119,0,0,1,1,0,0,0,0,1,1,0,0,41399
522,0,0,39,0,0,1,0,0,1,0,0,0,0,0,0,41699
398,0,0,133,0,0,1,0,0,1,0,0,0,0,0,0,41999
485,0,0,36,0,0,1,0,0,1,0,0,1,1,0,0,42299
517,0,0,88,0,0,1,1,0,0,0,0,1,1,0,0,42599
429,0,0,127,0,0,1,0,0,1,0,0,1,0,0,0,42899
458,0,0,41,0,0,1,0,0,1,0,0,0,0,0,0,43199
538,0,0,18,0,0,1,0,0,1,0,0,0,1,0,0,43499
527,0,0,34,0,0,1,0,0,1,0,0,1,0,0,0,43799
455,0,0,10,0,0,1,0,0,1,0,0,0,0,0,0,44099
486,0,0,109,0,0,1,0,0,1,0,0,1,0,0,0,44399
438,0,0,23,0,0,1,0,0,1,0,0,0,1,0,0,44699
442,0,0,22,0,0,1,0,0,1,0,0,1,1,0,0,44999
441,0,0,5,0,0,1,0,0,1,0,0,0,1,0,0,45299
439,0,0,64,1,0,0,0,0,1,0,0,0,0,0,0,45599
523,0,0,9,0,0,1,0,0,1,0,0,1,1,0,0,45899
577,0,0,21,0,0,1,0,0,1,0,0,1,0,0,0,46199
499,0,0,49,0,0,1,0,0,1,0,0,1,0,0,0,46499
499,0,0,128,0,0,1,0,0,1,0,0,0,0,0,0,46799
492,0,0,2,0,0,1,0,0,1,0,0,1,1,0,0,47099
303,0,0,53,0,0,1,0,0,1,0,0,0,0,0,0,47399
360,0,0,63,0,0,1,0,0,1,0,0,0,0,0,0,47699
263,0,0,1,0,0,1,0,0,1,0,0,1,0,0,0,47999
482,0,0,31,0,0,1,0,0,1,0,0,0,0,0,0,48299
378,0,0,60,0,0,1,0,0,1,0,0,1,0,0,0,48599
396,0,0,25,0,0,1,0,0,1,0,0,1,0,0,0,48899
377,0,0,182,0,0,1,0,0,1,0,0,0,1,0,0,49199
338,0,0,49,0,0,1,0,0,1,0,0,0,1,0,0,49499
415,0,0,36,0,0,1,0,0,1,0,0,0,0,0,0,49799
371,0,0,122,0,0,1,0,0,1,0,0,1,1,0,0,50099
228,0,0,9,0,0,1,0,0,1,0,0,0,0,0,0,50399
272,0,0,3,0,0,1,0,0,1,0,0,1,0,0,0,50699
216,0,0,115,0,0,1,0,0,1,0,0,0,0,0,0,50999
336,0,0,13,0,0,1,0,0,1,0,0,0,0,0,0,51299
432,0,0,25,0,0,1,0,0,1,0,0,0,0,0,0,51599
514,0,0,76,0,0,1,0,0,1,0,0,1,1,0,0,51899
530,0,0,17,0,0,1,0,0,1,0,0,1,0,0,0,52199
683,0,0,4,0,0,1,0,0,1,0,0,1,0,0,0,52499
507,0,0,8,0,0,1,0,0,1,0,0,1,0,0,0,52799
369,0,0,1,0,0,1,0,0,1,0,0,0,1,0,0,53099
573,0,0,72,0,0,1,0,0,1,0,0,0,1,0,0,53399
521,0,0,21,0,0,1,0,0,1,0,0,1,1,0,0,53699
462,0,0,61,0,0,1,0,0,1,0,0,0,0,0,0,53999
474,0,0,84,0,0,1,0,0,1,0,0,1,0,0,0,54299
391,0,0,12,0,0,1,0,0,1,0,0,0,0,0,0,54599
463,0,0,37,0,0,1,0,0,1,0,0,0,1,0,0,54899
331,0,0,1,0,0,1,0,0,1,0,0,0,0,0,0,55199
630,0,0,50,0,0,1,0,0,1,0,0,1,1,0,0,55499
525,0,0,38,0,0,1,0,0,1,0,0,1,1,0,0,55799
394,0,0,55,0,0,1,0,0,1,0,0,0,1,0,0,56099
415,0,0,42,0,0,1,0,0,1,0,0,1,0,0,0,56399
434,0,0,22,0,0,1,0,0,1,0,0,1,0,0,0,56699
387,0,0,29,0,0,1,0,0,1,0,0,0,1,0,0,56999
414,0,0,75,0,0,1,0,0,1,0,0,1,0,0,0,57299
436,0,0,32,0,0,1,1,0,0,0,0,0,1,0,0,57599
289,0,0,24,0,0,1,0,0,1,0,0,0,0,0,0,57899
404,0,0,20,0,0,1,0,0,1,0,0,0,1,0,0,58199
424,0,0,75,0,0,1,0,0,1,0,0,0,0,0,0,58499
424,0,0,149,0,0,1,0,0,1,0,0,0,0,0,0,58799
504,0,0,54,0,0,1,0,0,1,0,0,0,1,0,0,59099
402,0,0,13,0,0,1,0,0,1,0,0,1,1,0,0,59399
491,0,0,30,0,0,1,0,0,1,0,0,0,0,0,0,59699
398,0,0,121,0,0,1,0,0,1,0,0,0,0,0,0,59999
597,0,0,54,0,0,1,0,0,1,0,0,0,0,0,0,60299
368,0,0,10,0,0,1,0,0,1,0,0,0,0,0,0,60599
282,0,0,22,0,0,1,0,0,1,0,0,0,0,0,0,60899
337,0,0,9,0,0,1,0,0,1,0,0,1,0,0,0,61199
358,0,0,50,0,0,1,1,0,0,0,0,0,1,0,0,61499
368,0,0,34,0,0,1,0,0,1,0,0,0,0,0,0,61799
475,0,0,17,0,0,1,0,0,1,0,0,0,0,0,0,62099
514,0,0,3,0,0,1,0,0,1,0,0,0,1,0,0,62399
413,0,0,71,0,0,1,1,0,0,0,0,0,0,0,0,62699
655,0,0,2,0,0,1,0,0,1,0,0,0,1,0,0,62999
400,0,0,64,0,0,1,0,0,1,0,0,0,0,0,0,63299
424,0,0,63,1,0,0,0,0,1,0,0,0,1,0,0,63599
386,0,0,19,0,0,1,0,0,1,0,0,1,0,0,0,63899
334,0,0,3,0,0,1,0,0,1,0,0,0,1,0,0,64199
528,0,0,8,0,0,1,0,0,1,0,0,1,0,0,0,64499
506,0,0,26,0,0,1,0,0,1,0,0,0,0,0,0,64799
448,0,0,10,0,0,1,0,0,1,0,0,1,0,0,0,65099
350,0,0,84,0,0,1,0,0,1,0,0,0,0,0,0,65399
438,0,0,19,0,0,1,0,0,1,0,0,0,0,0,0,65699
415,0,0,33,0,0,1,0,0,1,0,0,0,0,0,0,65999
450,0,0,18,0,0,1,0,0,1,0,0,1,0,0,0,66299
396,0,0,5,0,0,1,0,0,1,0,0,0,0,0,0,66599
534,0,0,20,0,0,1,0,0,1,0,0,1,1,0,0,66899
300,0,0,13,0,0,1,0,0,1,0,0,0,0,0,0,67199
430,0,0,24,0,0,1,0,0,1,0,0,0,1,0,0,67499
408,0,0,9,0,0,1,0,0,1,0,0,1,0,0,0,67799
504,0,0,21,0,0,1,1,0,0,0,0,1,0,0,0,68099
392,0,0,3,0,0,1,0,0,1,0,0,1,0,0,0,68399
542,0,0,21,0,0,1,0,0,1,0,0,1,1,0,0,68699
277,0,0,79,0,0,1,0,0,1,0,0,0,0,0,0,68999
377,0,0,54,0,0,1,0,0,1,0,0,0,1,0,0,69299
431,0,0,6,0,0,1,0,0,1,0,0,1,1,0,0,69599
263,0,0,14,0,0,1,0,0,1,0,0,1,1,0,0,69899
410,0,0,91,0,0,1,0,0,1,0,0,1,0,0,0,70199
576,0,0,63,0,0,1,0,0,1,0,0,1,1,0,0,70499
450,0,0,74,0,0,1,0,0,1,0,0,0,0,0,0,70799
291,0,0,60,0,0,1,0,0,1,0,0,0,1,0,0,71099
263,0,0,152,0,0,1,0,0,1,0,0,0,0,0,0,71399
373,0,0,30,0,0,1,0,0,1,0,0,1,1,0,0,71699
415,0,0,11,0,0,1,0,0,1,0,0,0,0,0,0,71999
480,0,0,55,0,0,1,0,0,1,0,0,1,0,0,0,72299
368,0,0,21,0,0,1,0,0,1,0,0,1,1,0,0,72599
378,0,0,6,0,0,1,0,0,1,0,0,0,0,0,0,72899
336,0,0,24,0,0,1,0,0,1,0,0,0,0,0,0,73199
357,0,0,19,0,0,1,0,0,1,0,0,0,0,0,0,73499
481,0,0,171,1,0,0,0,0,1,0,0,0,1,0,0,73799
381,0,0,70,0,0,1,0,0,1,0,0,0,0,0,0,74099
362,0,0,28,0,0,1,0,0,1,0,0,0,0,0,0,74399
400,0,0,18,0,0,1,0,0,1,0,0,0,1,0,0,74699
445,0,0,17,0,0,1,0,0,1,0,0,1,0,0,0,74999
235,0,0,1,0,0,1,0,0,1,0,0,0,0,0,0,75299
450,0,0,45,0,0,1,1,0,0,0,0,0,0,0,0,75599
383,0,0,3,0,0,1,0,0,1,0,0,1,0,0,0,75899
318,0,0,96,0,0,1,0,0,1,0,0,0,0,0,0,76199
514,0,0,31,0,0,1,0,0,1,0,0,1,1,0,0,76499
376,0,0,157,0,0,1,0,0,1,0,0,0,0,0,0,76799
383,0,0,3,0,0,1,0,0,1,0,0,1,0,0,0,77099
400,0,0,27,0,0,1,0,0,1,0,0,1,1,0,0,77399
367,0,0,19,0,0,1,0,0,1,0,0,0,0,0,0,77699
380,0,0,31,0,0,1,0,0,1,0,0,0,0,0,0,77999
433,0,0,28,0,0,1,0,0,1,0,0,0,1,0,0,78299
529,0,0,30,0,0,1,0,0,1,0,0,1,0,0,0,78599
483,0,0,27,0,0,1,0,0,1,0,0,0,0,0,0,78899
463,0,0,13,0,0,1,0,0,1,0,0,1,0,0,0,79199
566,0,0,39,0,0,1,0,0,1,0,0,0,1,0,0,79499
348,0,0,11,0,0,1,0,0,1,0,0,0,0,0,0,79799
438,0,0,45,0,0,1,0,0,1,0,0,1,0,0,0,80099
434,0,0,18,0,0,1,0,0,1,0,0,0,1,0,0,80399
320,0,0,41,0,0,1,0,0,1,0,0,0,0,0,0,80699
504,0,0,14,0,0,1,0,0,1,0,0,1,1,0,0,80999
328,0,0,94,0,0,1,0,0,1,0,0,0,0,0,0,81299
424,0,0,4,0,0,1,0,0,1,0,0,0,1,0,0,81599
338,0,0,10,0,0,1,0,0,1,0,0,0,0,0,0,81899
434,0,0,32,0,0,1,0,0,1,0,0,0,1,0,0,82199
541,0,0,22,0,0,1,0,0,1,0,0,0,1,0,0,82499
458,0,0,47,0,0,1,0,0,1,0,0,0,0,0,0,82799
413,0,0,49,0,0,1,0,0,1,0,0,0,0,0,0,83099
334,0,0,50,0,0,1,0,0,1,0,0,0,0,0,0,83399
383,0,0,30,0,0,1,0,0,1,0,0,0,0,0,0,83699
523,0,0,96,0,0,1,0,0,1,0,0,0,0,0,0,83999
467,0,0,146,0,0,1,0,0,1,0,0,1,1,0,0,84299
356,0,0,103,0,0,1,0,0,1,0,0,0,0,0,0,84599
382,0,0,3,0,0,1,0,0,1,0,0,1,0,0,0,84899
482,0,0,68,0,0,1,1,0,0,0,0,0,0,0,0,85199
434,0,0,3,0,0,1,0,0,1,0,0,0,0,0,0,85499
360,0,0,26,0,0,1,0,0,1,0,0,0,0,0,0,85799
442,0,0,35,0,0,1,0,0,1,0,0,0,1,0,0,86099
405,0,0,9,0,0,1,0,0,1,0,0,0,1,0,0,86399
471,0,0,1,0,0,1,0,0,1,0,0,0,0,0,0,86699
570,0,0,26,0,0,1,0,0,1,0,0,1,0,0,0,86999
360,0,0,29,0,0,1,0,0,1,0,0,1,0,0,0,87299
370,0,0,21,0,0,1,0,0,1,0,0,0,0,0,0,87599
373,0,0,39,0,0,1,0,0,1,0,0,1,0,0,0,87899
393,0,0,6,0,0,1,0,0,1,0,0,0,0,0,0,88199
433,0,0,16,0,0,1,0,0,1,0,0,0,0,0,0,88499
478,0,0,102,0,0,1,0,0,1,0,0,0,0,0,0,88799
576,0,0,42,0,0,1,0,0,1,0,0,1,1,0,0,89099
444,0,0,146,0,0,1,0,0,1,0,0,0,0,0,0,89399
253,0,0,46,0,0,1,0,0,1,0,0,0,0,0,0,89699
405,0,0,41,0,0,1,0,0,1,0,0,0,1,0,0,89999
476,0,0,35,0,0,1,0,0,1,0,0,1,1,0,0,90299
500,0,0,168,1,0,0,0,0,1,0,0,1,0,0,0,90599
444,0,0,43,0,0,1,0,0,1,0,0,1,0,0,0,90899
310,0,0,34,0,0,1,0,0,1,0,0,0,0,0,0,91199
368,0,0,84,0,0,1,0,0,1,0,0,0,0,0,0,91499
383,0,0,177,0,0,1,1,0,0,0,0,0,0,0,0,91799
416,0,0,31,0,0,1,0,0,1,0,0,0,0,0,0,92099
466,0,0,3,0,0,1,0,0,1,0,0,0,1,0,0,92399
309,0,0,62,0,0,1,0,0,1,0,0,0,0,0,0,92699
400,0,0,21,0,0,1,0,0,1,0,0,0,0,0,0,92999
392,0,0,76,0,0,1,0,0,1,0,0,0,0,0,0,93299
498,0,0,17,0,0,1,0,0,1,0,0,0,0,0,0,93599
373,0,0,130,0,0,1,0,0,1,0,0,0,1,0,0,93899
245,0,0,2,0,0,1,0,0,1,0,0,0,1,0,0,94199
395,0,0,17,0,0,1,0,0,1,0,0,0,0,0,0,94499
465,0,0,48,0,0,1,0,0,1,0,0,0,0,0,0,94799
474,0,0,44,0,0,1,0,0,1,0,0,1,1,0,0,95099
344,0,0,153,1,0,0,0,0,1,0,0,0,0,0,0,95399
446,0,0,21,0,0,1,0,0,1,0,0,0,0,0,0,95699
525,0,0,64,0,0,1,0,0,1,0,0,1,0,0,0,95999
343,0,0,42,0,0,1,0,0,1,0,0,0,1,0,0,96299
342,0,0,29,0,0,1,0,0,1,0,0,0,0,0,0,96599
305,0,0,12,0,0,1,0,0,1,0,0,0,0,0,0,96899
520,0,0,12,0,0,1,0,0,1,0,0,0,0,0,0,97199
368,0,0,131,1,0,0,0,0,1,0,0,0,1,0,0,97499
384,0,0,35,0,0,1,0,0,1,0,0,1,1,0,0,97799
317,0,0,19,0,0,1,0,0,1,0,0,0,0,0,0,98099
347,0,0,42,0,0,1,0,0,1,0,0,1,0,0,0,98399
332,0,0,34,0,0,1,0,0,1,0,0,0,0,0,0,98699
476,0,0,47,0,0,1,0,0,1,0,0,0,0,0,0,98999
266,0,0,13,0,0,1,0,0,1,0,0,1,0,0,0,99299
444,0,0,22,0,0,1,0,0,1,0,0,1,0,0,0,99599
431,0,0,22,0,0,1,0,0,1,0,0,1,0,0,0,99899
205,319,28,0,0,0,1,0,0,1,0,1,1,0,1,0,100599
328,247,61,0,0,0,1,0,0,1,0,0,1,0,1,0,100899
211,302,29,0,0,0,1,0,0,1,0,0,1,0,1,0,101199
331,141,4,5,0,0,1,0,0,1,0,0,0,1,1,0,101499
228,262,0,0,0,0,1,0,0,1,0,0,1,0,1,0,101799
252,247,2,0,0,0,1,0,0,1,0,0,0,0,1,0,102099
150,249,1,0,0,0,1,0,0,1,0,0,0,0,1,0,102399
206,169,0,0,0,0,1,0,0,1,0,0,0,0,1,0,102699
145,157,0,0,0,0,1,0,0,1,0,0,1,1,1,0,102999
230,134,0,0,0,0,1,0,0,1,0,0,1,1,1,0,103299
172,163,0,33,0,0,1,0,0,1,0,0,0,1,1,0,103599
151,197,62,2,0,0,1,0,0,1,0,0,0,1,1,0,103899
259,358,0,0,0,0,1,0,0,1,0,0,0,1,1,0,104199
111,188,1,0,0,0,1,0,0,1,0,0,1,0,1,0,104499
377,100,2,7,0,0,1,0,0,1,0,0,0,1,1,0,104799
125,212,0,0,0,0,1,0,0,1,0,0,1,0,1,0,105099
207,243,2,0,0,0,1,0,0,1,0,0,0,1,1,0,105399
281,213,0,0,0,0,1,0,0,1,0,0,1,0,1,0,105699
241,167,0,0,0,0,1,0,0,1,0,0,1,0,1,0,105999
300,219,0,26,0,0,1,0,0,1,0,0,0,1,1,0,106299
328,203,13,11,0,0,1,0,0,1,0,0,0,1,1,0,106599
165,309,24,6,0,0,1,0,0,1,0,0,1,0,1,0,106899
179,261,0,20,0,0,1,0,0,1,0,0,1,0,1,0,107199
269,142,5,102,0,0,1,1,0,0,0,0,0,0,1,0,107499
276,253,35,0,0,0,1,0,0,1,0,0,1,0,1,0,107799
288,195,0,0,0,0,1,0,0,1,0,0,0,1,1,0,108099
325,225,43,2,0,0,1,0,0,1,0,0,0,0,1,0,108399
224,164,0,1,0,0,1,0,0,1,0,0,0,0,1,0,108699
218,269,90,0,0,0,1,0,0,1,0,0,0,0,1,0,108999
308,169,0,1,0,0,1,0,0,1,0,0,0,1,1,0,109299
107,268,17,0,0,0,1,0,0,1,0,0,0,1,1,0,109599
291,218,0,0,0,0,1,0,0,1,0,0,0,1,1,0,109899
288,309,10,42,0,0,1,0,0,1,0,0,0,0,1,0,110199
191,210,0,0,0,0,1,0,0,1,0,0,1,0,1,0,110499
197,142,37,0,0,0,1,0,0,1,0,0,1,0,1,0,110799
203,185,0,73,0,0,1,0,0,1,0,0,0,0,1,0,111099
124,224,75,0,0,0,1,0,0,1,0,0,0,0,1,0,111399
153,253,4,0,0,0,1,0,0,1,0,0,0,0,1,0,111699
283,260,4,3,0,0,1,0,0,1,0,0,1,0,1,0,111999
172,139,7,3,0,0,1,0,0,1,0,0,0,1,1,0,112299
299,102,0,2,0,0,1,0,0,1,0,0,0,1,1,0,112599
210,230,0,0,0,0,1,0,0,1,0,0,0,0,1,0,112899
374,260,17,7,0,0,1,0,0,1,0,0,0,0,1,0,113199
199,105,0,1,0,0,1,0,0,1,0,0,0,1,1,0,113499
242,174,0,0,0,0,1,0,0,1,0,0,1,1,1,0,113799
210,233,212,0,0,0,1,0,0,1,0,0,0,0,1,0,114099
220,196,0,11,0,0,1,0,0,1,0,0,0,0,1,0,114399
211,144,5,0,0,0,1,0,0,1,0,0,1,0,1,0,114699
356,253,1,2,0,0,1,0,0,1,0,0,0,1,1,0,114999
183,142,17,18,0,0,1,0,0,1,0,0,0,1,1,0,115299
271,178,0,14,0,0,1,0,0,1,0,0,0,0,1,0,115599
199,265,32,3,0,0,1,0,0,1,0,0,1,0,1,0,115899
161,219,9,0,0,0,1,0,0,1,0,0,1,0,1,0,116199
296,292,2,0,0,0,1,0,0,1,0,0,1,1,1,0,116499
276,170,0,0,0,0,1,0,0,1,0,0,0,0,1,0,116799
227,276,0,0,0,0,1,0,0,1,0,0,1,0,1,0,117099
250,248,64,35,0,0,1,1,0,0,0,0,0,0,1,0,117399
229,236,2,0,0,0,1,0,0,1,0,0,0,0,1,0,117699
219,261,2,13,0,0,1,0,0,1,0,0,1,0,1,0,117999
184,181,3,1,0,0,1,0,0,1,0,0,1,1,1,0,118299
311,224,52,11,0,0,1,0,0,1,0,0,0,1,1,0,118599
190,116,10,0,0,0,1,0,0,1,0,0,0,1,1,0,118899
255,126,1,12,0,0,1,0,0,1,0,0,0,0,1,0,119199
209,237,0,0,0,0,1,0,0,1,0,0,0,0,1,0,119499
190,220,14,0,0,0,1,0,0,1,0,0,0,0,1,0,119799
93,63,0,0,0,0,1,0,0,1,0,0,0,0,1,0,120099
210,385,8,3,0,0,1,0,0,1,0,0,1,0,1,0,120399
118,153,0,0,0,0,1,0,0,1,0,0,1,0,1,0,120699
250,165,3,0,0,0,1,0,0,1,0,0,1,0,1,0,120999
243,238,8,0,0,0,1,0,0,1,0,0,0,0,1,0,121299
143,198,3,0,0,0,1,0,0,1,0,0,0,0,1,0,121599
289,164,8,0,0,0,1,0,0,1,0,0,0,1,1,0,121899
248,155,0,0,0,0,1,0,0,1,0,0,0,0,1,0,122199
223,198,1,0,0,0,1,0,0,1,0,0,0,1,1,0,122499
267,200,0,0,0,0,1,0,0,1,0,0,0,1,1,0,122799
197,200,0,13,0,0,1,0,0,1,0,0,1,0,1,0,123099
204,189,0,1,0,0,1,0,0,1,0,0,0,0,1,0,123399
190,241,0,0,0,0,1,0,0,1,0,0,0,0,1,0,123699
318,272,4,3,0,0,1,0,0,1,0,0,1,1,1,0,123999
217,91,0,0,0,0,1,0,0,1,0,0,1,1,1,0,124299
216,230,18,118,0,0,1,0,0,1,0,0,1,0,1,0,124599
337,277,0,0,0,0,1,0,0,1,0,0,0,0,1,0,124899
289,239,0,0,0,0,1,0,0,1,0,0,1,0,1,0,125199
155,208,0,2,0,0,1,0,0,1,0,0,0,0,1,0,125499
184,107,0,0,0,0,1,0,0,1,0,0,0,0,1,0,125799
173,196,2,0,0,0,1,0,0,1,0,0,0,0,1,0,126099
197,233,19,5,0,0,1,0,0,1,0,0,0,0,1,0,126399
188,234,0,0,0,0,1,0,0,1,0,0,0,0,1,0,126699
303,298,21,0,0,0,1,0,0,1,0,0,1,0,1,0,126999
262,133,1,0,0,0,1,0,0,1,0,0,0,1,1,0,127299
185,348,13,73,0,0,1,0,0,1,0,0,1,1,1,0,127599
225,302,0,0,0,0,1,0,0,1,0,0,0,0,1,0,127899
216,153,0,0,0,0,1,0,0,1,0,0,1,0,1,0,128199
198,188,0,0,0,0,1,0,0,1,0,0,0,0,1,0,128499
188,241,7,0,0,0,1,0,0,1,0,0,1,1,1,0,128799
303,234,3,2,0,0,1,0,0,1,0,0,0,0,1,0,129099
231,172,0,3,0,0,1,0,0,1,0,0,0,0,1,0,129399
145,269,0,1,0,0,1,0,0,1,0,0,1,0,1,0,129699
142,178,2,2,0,0,1,0,0,1,0,0,0,0,1,0,129999
132,180,0,0,0,0,1,0,0,1,0,0,1,0,1,0,130299
149,187,0,0,0,0,1,0,0,1,0,0,0,0,1,0,130599
172,246,19,0,0,0,1,0,0,1,0,0,0,0,1,0,130899
286,130,0,0,0,0,1,0,0,1,0,0,0,0,1,0,131199
235,259,14,1,0,0,1,0,0,1,0,0,0,0,1,0,131499
450,275,3,1,0,0,1,0,0,1,0,0,0,1,1,0,131799
132,286,0,0,0,0,1,0,0,1,0,0,0,0,1,0,132099
140,230,16,0,0,0,1,0,0,1,0,0,0,0,1,0,132399
281,328,0,0,0,0,1,0,0,1,0,0,1,0,1,0,132699
216,176,0,0,0,0,1,0,0,1,0,0,0,0,1,0,132999
208,245,0,0,0,0,1,0,0,1,0,0,0,0,1,0,133299
212,173,50,0,0,0,1,0,0,1,0,0,1,0,1,0,133599
243,190,1,33,0,0,1,0,0,1,0,0,0,0,1,0,133899
156,326,4,0,0,0,1,0,0,1,0,0,1,1,1,0,134199
227,223,0,0,0,0,1,0,0,1,0,0,0,1,1,0,134499
272,195,8,43,0,0,1,0,0,1,0,0,0,1,1,0,134799
135,173,1,0,0,0,1,0,0,1,0,0,1,0,1,0,135099
171,98,0,1,0,0,1,0,0,1,0,0,0,0,1,0,135399
258,96,0,6,0,0,1,0,0,1,0,0,1,0,1,0,135699
218,291,0,2,0,0,1,0,0,1,0,0,1,0,1,0,135999
227,253,41,0,0,0,1,0,0,1,0,0,0,0,1,0,136299
170,209,25,0,0,0,1,0,0,1,0,0,1,0,1,0,136599
194,173,0,3,0,0,1,0,0,1,0,0,0,0,1,0,136899
271,291,6,0,0,0,1,0,0,1,0,0,0,0,1,0,137199
228,269,1,0,0,0,1,0,0,1,0,0,1,0,1,0,137499
269,267,0,75,0,0,1,0,0,1,0,0,0,0,1,0,137799
199,89,0,0,0,0,1,0,0,1,0,0,0,0,1,0,138099
234,169,45,6,0,0,1,0,0,1,0,0,1,0,1,0,138399
243,284,0,0,0,0,1,0,0,1,0,0,1,1,1,0,138699
193,306,50,0,0,0,1,0,0,1,0,0,0,0,1,0,138999
232,184,14,0,0,0,1,0,0,1,0,0,0,0,1,0,139299
252,154,0,0,0,0,1,0,0,1,0,0,1,0,1,0,139599
224,103,0,0,0,0,1,0,0,1,0,0,0,0,1,0,139899
182,234,0,36,0,0,1,0,0,1,0,0,0,0,1,0,140199
230,148,2,1,0,0,1,0,0,1,0,0,0,1,1,0,140499
267,207,0,0,0,0,1,0,0,1,0,0,0,0,1,0,140799
222,198,0,1,0,0,1,0,0,1,0,0,0,0,1,0,141099
185,244,1,6,0,0,1,0,0,1,0,0,1,0,1,0,141399
157,185,0,6,0,0,1,0,0,1,0,0,0,0,1,0,141699
365,269,1,0,0,0,1,0,0,1,0,0,0,0,1,0,141999
226,188,1,0,0,0,1,0,0,1,0,0,0,0,1,0,142299
311,189,7,0,0,0,1,0,0,1,0,0,0,0,1,0,142599
148,220,3,8,0,0,1,0,0,1,0,0,1,0,1,0,142899
233,174,0,0,0,0,1,0,0,1,0,0,0,1,1,0,143199
132,198,3,1,0,0,1,0,0,1,0,0,1,0,1,0,143499
339,352,66,24,0,0,1,0,0,1,0,0,0,0,1,0,143799
266,232,0,16,0,0,1,0,0,1,0,0,0,0,1,0,144099
196,162,0,0,0,0,1,0,0,1,0,0,0,0,1,0,144399
167,191,17,0,0,0,1,0,0,1,0,0,0,1,1,0,144699
216,189,0,0,0,0,1,0,0,1,0,0,0,1,1,0,144999
233,258,7,0,0,0,1,0,0,1,0,0,1,1,1,0,145299
232,213,1,0,0,0,1,0,0,1,0,0,1,0,1,0,145599
181,198,1,0,0,0,1,0,0,1,0,0,1,0,1,0,145899
189,281,24,7,0,0,1,0,0,1,1,0,1,1,1,0,146199
333,240,2,97,0,0,1,0,0,1,0,0,1,0,1,0,146499
164,160,10,0,0,0,1,0,0,1,0,0,0,0,1,0,146799
200,241,5,0,0,0,1,0,0,1,0,0,0,0,1,0,147099
151,256,69,0,0,0,1,0,0,1,0,0,0,0,1,0,147399
271,202,6,0,0,0,1,0,0,1,0,0,0,0,1,0,147699
258,125,0,30,0,0,1,0,0,1,0,0,0,0,1,0,147999
287,125,0,20,0,0,1,0,0,1,0,0,0,1,1,0,148299
311,191,0,4,0,0,1,0,0,1,0,0,0,1,1,0,148599
190,148,37,0,0,0,1,0,0,1,0,0,0,1,1,0,148899
176,168,0,0,0,0,1,0,0,1,0,0,0,1,1,0,149199
151,188,0,0,0,0,1,0,0,1,0,0,0,1,1,0,149499
209,258,0,7,0,0,1,0,0,1,0,0,0,0,1,0,149799
284,239,1,0,0,0,1,0,0,1,0,0,1,0,1,0,150099
215,301,23,1,0,0,1,0,0,1,0,0,0,0,1,0,150399
191,82,0,0,0,0,1,0,0,1,0,0,0,0,1,0,150699
96,158,0,3,0,0,1,0,0,1,0,0,0,0,1,0,150999
194,323,93,11,0,0,1,0,0,1,0,0,0,1,1,0,151299
266,230,0,0,0,0,1,0,0,1,0,0,0,0,1,0,151599
267,242,8,0,0,0,1,0,0,1,0,0,0,1,1,0,151899
196,212,0,0,0,0,1,0,0,1,0,0,0,0,1,0,152199
194,173,8,0,0,0,1,0,0,1,0,0,0,1,1,0,152499
213,221,32,0,0,0,1,0,0,1,0,0,0,1,1,0,152799
142,168,0,0,0,0,1,0,0,1,0,0,1,0,1,0,153099
168,238,0,19,0,0,1,0,0,1,0,0,1,0,1,0,153399
209,195,0,0,0,0,1,0,0,1,0,0,1,1,1,0,153699
227,275,1,0,0,0,1,0,0,1,0,0,1,1,1,0,153999
95,284,28,0,0,0,1,0,0,1,0,0,0,0,1,0,154299
215,229,0,0,0,0,1,0,0,1,0,0,1,0,1,0,154599
200,219,27,0,0,0,1,0,0,1,0,0,1,0,1,0,154899
137,177,0,0,0,0,1,0,0,1,0,0,1,1,1,0,155199
173,197,12,0,0,0,1,0,0,1,0,0,0,0,1,0,155499
239,213,0,0,0,0,1,0,0,1,0,0,1,0,1,0,155799
298,77,11,0,0,0,1,0,0,1,0,0,0,0,1,0,156099
183,337,17,9,0,0,1,0,0,1,0,0,1,0,1,0,156399
110,233,9,0,0,0,1,0,0,1,0,0,0,0,1,0,156699
277,204,0,0,0,0,1,0,0,1,0,0,0,1,1,0,156999
282,240,0,0,0,0,1,0,0,1,0,0,0,1,1,0,157299
189,251,0,2,0,0,1,0,0,1,0,0,1,0,1,0,157599
163,276,90,0,0,0,1,0,0,1,0,0,0,0,1,0,157899
191,190,2,2,0,0,1,0,0,1,0,0,0,0,1,0,158199
160,181,0,0,0,0,1,0,0,1,0,0,1,1,1,0,158499
159,206,0,2,0,0,1,0,0,1,0,0,0,0,1,0,158799
253,258,56,2,0,0,1,0,0,1,1,0,0,1,1,0,159099
235,241,103,1,0,0,1,0,0,1,1,0,1,0,1,0,159399
153,153,1,0,0,0,1,0,0,1,0,0,0,0,1,0,159699
200,356,43,0,0,0,1,0,0,1,0,0,1,1,1,0,159999
351,164,0,3,0,0,1,0,0,1,0,0,0,0,1,0,160299
339,155,0,0,0,0,1,0,0,1,0,0,0,0,1,0,160599
178,224,0,0,0,0,1,0,0,1,0,0,0,1,1,0,160899
271,98,1,0,0,0,1,0,0,1,0,0,0,0,1,0,161199
172,137,9,3,0,0,1,0,0,1,0,0,0,1,1,0,161499
179,140,0,0,0,0,1,0,0,1,0,0,0,1,1,0,161799
237,246,0,6,0,0,1,0,0,1,0,0,0,1,1,0,162099
272,111,8,0,0,0,1,0,0,1,0,0,1,0,1,0,162399
111,271,61,0,0,0,1,0,0,1,0,0,0,0,1,0,162699
251,207,21,0,0,0,1,0,0,1,0,0,1,1,1,0,162999
113,246,23,2,0,0,1,0,0,1,0,0,1,0,1,0,163299
204,221,0,4,0,0,1,0,0,1,0,0,0,0,1,0,163599
257,129,1,0,0,0,1,0,0,1,0,0,0,1,1,0,163899
238,350,26,0,0,0,1,0,0,1,0,0,0,1,1,0,164199
207,241,35,0,0,0,1,0,0,1,0,0,0,0,1,0,164499
150,241,0,1,0,0,1,0,0,1,0,0,0,0,1,0,164799
184,312,1,3,0,0,1,0,0,1,0,0,1,0,1,0,165099
206,230,0,2,0,0,1,0,0,1,0,0,0,0,1,0,165399
265,304,96,0,0,0,1,0,0,1,0,1,0,0,1,0,165699
204,154,0,0,0,0,1,0,0,1,0,0,1,0,1,0,165999
233,163,0,1,0,0,1,0,0,1,0,0,1,0,1,0,166299
172,105,0,0,0,0,1,0,0,1,0,0,0,1,1,0,166599
110,188,0,0,0,0,1,0,0,1,0,0,0,0,1,0,166899
245,253,29,0,0,0,1,0,0,1,0,0,0,1,1,0,167199
181,307,90,0,0,0,1,0,0,1,0,0,0,1,1,0,167499
270,225,0,2,0,0,1,0,0,1,0,0,1,0,1,0,167799
152,225,1,0,0,0,1,0,0,1,0,0,0,0,1,0,168099
179,282,0,0,0,0,1,0,0,1,0,0,1,1,1,0,168399
255,142,0,3,0,0,1,0,0,1,0,0,0,0,1,0,168699
320,250,0,60,0,0,1,1,0,0,0,0,0,1,1,0,168999
362,213,204,6,0,0,1,0,0,1,0,0,0,1,1,0,169299
267,184,0,30,0,0,1,1,0,0,0,0,1,1,1,0,169599
355,204,7,0,0,0,1,0,0,1,0,0,0,1,1,0,169899
201,158,0,0,0,0,1,0,0,1,0,0,0,0,1,0,170199
268,349,21,0,0,0,1,0,0,1,0,0,0,0,1,0,170499
240,185,0,0,0,0,1,0,0,1,0,0,0,0,1,0,170799
191,196,11,0,0,0,1,0,0,1,0,0,1,1,1,0,171099
267,242,20,1,0,0,1,0,0,1,0,0,1,0,1,0,171399
200,123,0,1,0,0,1,0,0,1,0,0,0,0,1,0,171699
191,250,0,0,0,0,1,0,0,1,0,0,0,1,1,0,171999
108,192,0,0,0,0,1,0,0,1,0,0,0,0,1,0,172299
228,233,3,117,0,0,1,0,0,1,0,0,1,0,1,0,172599
174,144,7,0,0,0,1,0,0,1,0,0,0,0,1,0,172899
203,263,0,1,0,0,1,0,0,1,0,0,0,1,1,0,173199
210,166,0,0,0,0,1,0,0,1,0,0,1,1,1,0,173499
184,280,0,0,0,0,1,0,0,1,0,0,0,0,1,0,173799
301,81,0,0,0,0,1,0,0,1,0,0,0,1,1,0,174099
185,285,41,0,0,0,1,0,0,1,0,0,1,0,1,0,174399
287,284,0,0,0,0,1,0,0,1,0,0,1,1,1,0,174699
333,132,2,2,0,0,1,0,0,1,0,0,0,0,1,0,174999
99,141,0,0,0,0,1,0,0,1,0,0,0,0,1,0,175299
295,167,0,1,0,0,1,0,0,1,0,0,0,1,1,0,175599
256,213,7,6,0,0,1,0,0,1,0,0,0,0,1,0,175899
173,230,0,0,0,0,1,0,0,1,0,0,0,1,1,0,176199
203,196,0,18,0,0,1,0,0,1,0,0,0,0,1,0,176499
186,162,1,0,0,0,1,0,0,1,0,0,0,0,1,0,176799
131,235,0,0,0,0,1,0,0,1,0,0,1,0,1,0,177099
97,154,1,0,0,0,1,0,0,1,0,0,1,0,1,0,177399
205,130,6,0,0,0,1,0,0,1,0,0,0,0,1,0,177699
124,212,62,1,0,0,1,0,0,1,0,0,0,0,1,0,177999
257,185,0,0,0,0,1,0,0,1,0,0,1,0,1,0,178299
174,198,3,1,0,0,1,0,0,1,0,0,1,0,1,0,178599
137,247,14,0,0,0,1,0,0,1,0,0,0,1,1,0,178899
178,251,0,0,0,0,1,0,0,1,0,0,0,1,1,0,179199
175,210,0,0,0,0,1,0,0,1,0,0,0,0,1,0,179499
176,273,0,0,0,0,1,0,0,1,0,0,1,0,1,0,179799
253,309,72,79,0,0,1,0,0,1,0,0,0,0,1,0,180099
184,265,16,0,0,0,1,0,0,1,0,0,0,0,1,0,180399
209,214,0,0,0,0,1,0,0,1,0,0,0,1,1,0,180699
132,180,0,16,0,0,1,0,0,1,0,0,1,0,1,0,180999
247,174,4,7,0,0,1,0,0,1,0,0,0,1,1,0,181299
91,216,0,0,0,0,1,0,0,1,0,0,0,0,1,0,181599
143,139,0,0,0,0,1,0,0,1,0,0,0,1,1,0,181899
368,192,0,0,0,0,1,0,0,1,0,0,1,1,1,0,182199
177,278,3,0,0,0,1,0,0,1,0,0,0,1,1,0,182499
171,227,0,0,0,0,1,0,0,1,0,0,0,1,1,0,182799
218,216,0,0,0,0,1,0,0,1,0,0,0,1,1,0,183099
157,230,7,0,0,0,1,0,0,1,0,0,0,0,1,0,183399
285,234,0,0,0,0,1,0,0,1,0,0,0,1,1,0,183699
183,264,0,0,0,0,1,0,0,1,0,0,0,0,1,0,183999
172,219,2,0,0,0,1,0,0,1,0,0,0,0,1,0,184299
191,156,0,5,0,0,1,0,0,1,0,0,0,0,1,0,184599
265,157,1,1,0,0,1,0,0,1,0,0,0,1,1,0,184899
331,187,0,0,0,0,1,0,0,1,0,0,0,1,1,0,185199
243,258,0,1,0,0,1,0,0,1,0,0,0,0,1,0,185499
266,280,0,0,0,0,1,0,0,1,0,0,0,0,1,0,185799
360,229,0,8,0,0,1,0,0,1,0,0,1,0,1,0,186099
224,162,0,0,0,0,1,0,0,1,0,0,0,0,1,0,186399
247,322,27,0,0,0,1,0,0,1,0,0,0,0,1,0,186699
237,274,0,0,0,0,1,0,0,1,0,0,0,1,1,0,186999
209,213,1,0,0,0,1,0,0,1,0,0,0,1,1,0,187299
232,139,0,13,0,0,1,0,0,1,0,0,0,0,1,0,187599
206,168,0,0,0,0,1,0,0,1,0,0,1,0,1,0,187899
338,190,36,0,0,0,1,0,0,1,0,0,0,0,1,0,188199
162,239,0,0,0,0,1,0,0,1,0,0,0,0,1,0,188499
233,247,5,0,0,0,1,0,0,1,0,0,0,1,1,0,188799
144,289,26,0,0,0,1,0,0,1,1,0,0,0,1,0,189099
258,290,24,0,0,0,1,0,0,1,0,0,1,0,1,0,189399
204,249,37,0,0,0,1,0,0,1,0,0,1,0,1,0,189699
257,307,23,10,0,0,1,0,0,1,0,0,0,1,1,0,189999
288,324,28,32,0,0,1,0,0,1,0,1,0,1,1,0,190299
233,207,13,0,0,0,1,0,0,1,0,0,0,0,1,0,190599
320,125,0,4,0,0,1,0,0,1,0,0,0,1,1,0,190899
184,218,0,2,0,0,1,0,0,1,0,0,0,0,1,0,191199
219,245,1,0,0,0,1,0,0,1,0,0,0,1,1,0,191499
157,173,8,0,0,0,1,0,0,1,0,0,0,0,1,0,191799
145,154,0,0,0,0,1,0,0,1,0,0,1,0,1,0,192099
284,194,0,10,0,0,1,0,0,1,0,0,1,0,1,0,192399
239,272,10,0,0,0,1,0,0,1,0,0,0,1,1,0,192699
342,183,0,0,0,0,1,0,0,1,0,0,0,1,1,0,192999
292,209,0,0,0,0,1,0,0,1,0,0,1,0,1,0,193299
160,197,1,0,0,0,1,0,0,1,0,0,0,1,1,0,193599
306,122,0,36,0,0,1,0,0,1,0,0,0,0,1,0,193899
231,120,23,0,0,0,1,0,0,1,0,0,1,0,1,0,194199
267,218,4,3,0,0,1,0,0,1,0,0,0,1,1,0,194499
177,223,43,4,0,0,1,0,0,1,0,0,1,0,1,0,194799
108,189,0,0,0,0,1,0,0,1,0,0,0,0,1,0,195099
185,268,25,0,0,0,1,0,0,1,0,0,1,0,1,0,195399
159,246,0,0,0,0,1,0,0,1,0,0,0,0,1,0,195699
208,264,0,0,0,0,1,0,0,1,0,0,0,0,1,0,195999
157,178,6,0,0,0,1,0,0,1,0,0,0,0,1,0,196299
208,230,0,0,0,0,1,0,0,1,0,0,0,0,1,0,196599
156,232,3,0,0,0,1,0,0,1,0,0,0,0,1,0,196899
166,193,0,0,0,0,1,0,0,1,0,0,0,0,1,0,197199
257,324,24,6,0,0,1,0,0,1,0,0,0,1,1,0,197499
172,209,20,0,0,0,1,0,0,1,0,0,1,0,1,0,197799
94,112,0,0,0,0,1,0,0,1,0,0,0,0,1,0,198099
279,336,0,0,0,0,1,0,0,1,0,0,0,1,1,0,198399
257,203,1,0,0,0,1,0,0,1,0,0,1,0,1,0,198699
270,211,0,0,0,0,1,0,0,1,0,0,0,1,1,0,198999
299,218,0,0,0,0,1,0,0,1,0,0,0,0,1,0,199299
215,160,0,0,0,0,1,0,0,1,0,0,1,0,1,0,199599
179,228,0,0,0,0,1,0,0,1,0,0,0,0,1,0,199899
0,386,39,0,0,0,1,0,0,1,0,0,1,0,1,1,200599
0,558,63,0,0,0,1,0,0,1,0,0,0,0,1,1,200899
0,473,30,0,0,0,1,0,0,1,0,1,1,0,1,1,201199
0,288,79,0,0,0,1,0,0,1,0,0,0,0,1,1,201499
0,514,91,0,0,0,1,0,0,1,0,0,1,0,1,1,201799
0,504,129,0,0,0,1,0,0,1,0,0,0,1,1,1,202099
0,575,52,0,0,0,1,0,0,1,0,0,0,0,1,1,202399
0,511,75,0,0,0,1,0,0,1,1,0,1,1,1,1,202699
0,399,106,0,0,0,1,0,0,1,0,0,0,1,1,1,202999
0,595,6,0,0,0,1,0,0,1,0,0,0,0,1,1,203299
0,519,22,0,0,0,1,0,0,1,0,0,1,0,1,1,203599
0,519,40,0,0,0,1,0,0,1,0,0,0,1,1,1,203899
0,362,97,0,0,0,1,0,0,1,0,0,0,0,1,1,204199
0,470,58,0,0,0,1,0,0,1,0,0,1,0,1,1,204499
0,408,195,0,0,0,1,0,0,1,0,0,0,0,1,1,204799
0,488,75,0,0,0,1,0,0,1,0,0,1,0,1,1,205099
0,608,35,0,0,0,1,0,0,1,0,1,1,0,1,1,205399
0,337,127,0,0,0,1,0,0,1,0,0,0,0,1,1,205699
0,407,10,0,0,0,1,0,0,1,0,0,1,1,1,1,205999
0,258,44,0,0,0,1,0,0,1,0,0,1,0,1,1,206299
0,458,70,0,0,0,1,0,0,1,0,0,1,0,1,1,206599
0,455,33,0,0,0,1,0,0,1,0,0,0,1,1,1,206899
0,580,162,0,0,0,1,0,0,1,0,0,0,1,1,1,207199
0,477,49,0,0,0,1,0,0,1,0,0,1,1,1,1,207499
0,465,63,0,0,0,1,0,0,1,0,0,0,0,1,1,207799
0,549,136,0,0,0,1,0,0,1,0,0,1,1,1,1,208099
0,446,59,0,0,0,1,0,0,1,0,0,1,0,1,1,208399
0,370,113,0,0,0,1,0,0,1,0,0,0,0,1,1,208699
0,518,67,0,0,0,1,0,0,1,0,0,1,0,1,1,208999
0,428,66,0,0,0,1,0,0,1,0,0,0,0,1,1,209299
0,420,70,0,0,0,1,0,0,1,0,0,0,0,1,1,209599
0,452,197,0,0,0,1,0,0,1,0,1,1,0,1,1,209899
0,421,92,0,0,0,1,0,0,1,0,0,0,1,1,1,210199
0,366,7,0,0,0,1,0,0,1,0,0,1,1,1,1,210499
0,397,225,0,0,0,1,0,0,1,0,0,0,0,1,1,210799
0,574,70,0,0,0,1,0,0,1,0,0,1,1,1,1,211099
0,618,60,0,0,0,1,0,0,1,0,0,0,1,1,1,211399
0,539,31,0,0,0,1,0,0,1,0,0,0,0,1,1,211699
0,552,20,0,0,0,1,0,0,1,0,0,0,0,1,1,211999
0,353,65,0,0,0,1,0,0,1,0,0,1,1,1,1,212299
0,351,45,0,0,0,1,0,0,1,0,0,0,0,1,1,212599
0,580,55,0,0,0,1,0,0,1,0,0,0,1,1,1,212899
0,436,96,0,0,0,1,0,0,1,0,0,0,0,1,1,213199
0,403,183,0,0,0,1,0,0,1,1,1,0,0,1,1,213499
0,540,76,0,0,0,1,0,0,1,0,0,0,0,1,1,213799
0,505,61,0,0,0,1,0,0,1,0,0,0,0,1,1,214099
0,380,17,0,0,0,1,0,0,1,0,0,1,0,1,1,214399
0,540,55,0,0,0,1,0,0,1,0,0,1,0,1,1,214699
0,512,3,0,0,0,1,0,0,1,0,0,0,0,1,1,214999
0,564,85,0,0,0,1,0,0,1,0,0,0,1,1,1,215299
0,466,20,0,0,0,1,0,0,1,0,0,1,0,1,1,215599
0,584,33,0,0,0,1,0,0,1,0,0,0,0,1,1,215899
0,410,79,0,0,0,1,0,0,1,0,0,0,0,1,1,216199
0,483,48,0,0,0,1,0,0,1,0,0,1,0,1,1,216499
0,476,164,0,0,0,1,0,0,1,0,0,0,0,1,1,216799
0,648,107,0,0,0,1,0,0,1,0,0,1,0,1,1,217099
0,597,57,0,0,0,1,0,0,1,1,0,0,1,1,1,217399
0,520,59,0,0,0,1,0,0,1,0,0,0,1,1,1,217699
0,455,41,0,0,0,1,0,0,1,0,0,0,0,1,1,217999
0,520,100,0,0,0,1,0,0,1,0,1,0,1,1,1,218299
0,417,186,0,0,0,1,0,0,1,0,0,0,0,1,1,218599
0,502,25,0,0,0,1,0,0,1,0,0,0,0,1,1,218899
0,292,52,0,0,0,1,0,0,1,0,0,0,0,1,1,219199
0,555,150,0,0,0,1,0,0,1,0,0,0,1,1,1,219499
0,356,124,0,0,0,1,0,0,1,0,0,1,0,1,1,219799
0,710,51,0,0,0,1,0,0,1,0,0,0,0,1,1,220099
0,518,24,0,0,0,1,0,0,1,0,0,0,1,1,1,220399
0,381,79,0,0,0,1,0,0,1,0,0,1,0,1,1,220699
0,517,21,0,0,0,1,0,0,1,0,0,0,1,1,1,220999
0,620,80,0,0,0,1,0,0,1,0,0,0,1,1,1,221299
0,407,49,0,0,0,1,0,0,1,0,0,0,0,1,1,221599
0,409,37,0,0,0,1,0,0,1,0,0,1,0,1,1,221899
0,499,93,0,0,0,1,0,0,1,0,0,1,0,1,1,222199
0,395,95,0,0,0,1,0,0,1,0,0,1,0,1,1,222499
0,541,141,0,0,0,1,0,0,1,0,0,1,1,1,1,222799
0,386,52,0,0,0,1,0,0,1,0,0,1,0,1,1,223099
0,520,67,0,0,0,1,0,0,1,0,0,0,0,1,1,223399
0,446,37,0,0,0,1,0,0,1,0,0,0,1,1,1,223699
0,490,88,0,0,0,1,0,0,1,0,0,0,0,1,1,223999
0,393,36,0,0,0,1,0,0,1,0,0,0,0,1,1,224299
0,388,173,0,0,0,1,0,0,1,0,0,1,1,1,1,224599
0,563,156,0,0,0,1,0,0,1,0,0,0,1,1,1,224899
0,403,62,0,0,0,1,0,0,1,0,0,0,0,1,1,225199
0,379,92,0,0,0,1,0,0,1,0,1,0,0,1,1,225499
0,523,23,0,0,0,1,0,0,1,0,1,1,1,1,1,225799
0,457,3,0,0,0,1,0,0,1,0,0,0,0,1,1,226099
0,578,96,0,0,0,1,0,0,1,0,0,0,0,1,1,226399
0,382,71,0,0,0,1,0,0,1,0,0,1,0,1,1,226699
0,572,94,0,0,0,1,0,0,1,0,0,0,0,1,1,226999
0,296,22,0,0,0,1,0,0,1,0,0,0,0,1,1,227299
0,333,50,0,0,0,1,0,0,1,0,0,1,0,1,1,227599
0,368,7,0,0,0,1,0,0,1,0,0,0,0,1,1,227899
0,430,47,0,0,0,1,0,0,1,0,0,1,0,1,1,228199
0,541,67,0,0,0,1,0,0,1,0,0,0,1,1,1,228499
0,446,26,0,0,0,1,0,0,1,0,0,0,0,1,1,228799
0,515,64,0,0,0,1,0,0,1,0,0,1,0,1,1,229099
0,377,75,0,0,0,1,0,0,1,0,0,0,0,1,1,229399
0,387,81,0,0,0,1,0,0,1,0,0,1,1,1,1,229699
0,503,71,0,0,0,1,0,0,1,0,0,0,0,1,1,229999
0,521,63,0,0,0,1,0,0,1,1,0,0,0,1,1,230299
0,526,37,0,0,0,1,0,0,1,0,0,0,1,1,1,230599
0,537,50,0,0,0,1,0,0,1,0,0,0,0,1,1,230899
0,422,52,0,0,0,1,0,0,1,0,0,0,0,1,1,231199
0,588,61,0,0,0,1,0,0,1,0,0,0,0,1,1,231499
0,591,119,0,0,0,1,0,0,1,0,0,0,0,1,1,231799
0,567,88,0,0,0,1,0,0,1,0,0,0,0,1,1,232099
0,706,60,0,0,0,1,0,0,1,0,0,0,1,1,1,232399
0,418,145,0,0,0,1,0,0,1,0,0,0,0,1,1,232699
0,606,39,0,0,0,1,0,0,1,0,0,0,1,1,1,232999
0,383,109,0,0,0,1,0,0,1,0,0,0,0,1,1,233299
0,505,45,0,0,0,1,0,0,1,0,0,0,0,1,1,233599
0,375,51,0,0,0,1,0,0,1,0,0,0,0,1,1,233899
0,419,95,0,0,0,1,0,0,1,0,0,1,0,1,1,234199
0,403,73,0,0,0,1,0,0,1,0,0,0,0,1,1,234499
0,379,171,0,0,0,1,0,0,1,0,0,0,0,1,1,234799
0,520,112,0,0,0,1,0,0,1,0,0,0,1,1,1,235099
0,574,48,0,0,0,1,0,0,1,0,1,0,0,1,1,235399
0,403,20,0,0,0,1,0,0,1,0,0,0,1,1,1,235699
0,626,139,0,0,0,1,0,0,1,0,0,0,1,1,1,235999
0,565,79,0,0,0,1,0,0,1,0,0,1,0,1,1,236299
0,412,74,0,0,0,1,0,0,1,0,0,0,1,1,1,236599
0,561,129,0,0,0,1,0,0,1,1,0,0,0,1,1,236899
0,447,42,0,0,0,1,0,0,1,0,0,0,0,1,1,237199
0,601,49,0,0,0,1,0,0,1,0,0,1,0,1,1,237499
0,421,163,0,0,0,1,0,0,1,1,1,0,1,1,1,237799
0,444,53,0,0,0,1,0,0,1,0,0,0,0,1,1,238099
0,591,35,0,0,0,1,0,0,1,0,0,0,1,1,1,238399
0,428,105,0,0,0,1,0,0,1,0,0,0,0,1,1,238699
0,499,18,0,0,0,1,0,0,1,0,0,0,1,1,1,238999
0,416,40,0,0,0,1,0,0,1,0,0,0,0,1,1,239299
0,482,67,0,0,0,1,0,0,1,1,0,1,0,1,1,239599
0,361,116,0,0,0,1,0,0,1,0,0,0,0,1,1,239899
0,421,70,0,0,0,1,0,0,1,0,0,1,0,1,1,240199
0,464,44,0,0,0,1,0,0,1,0,0,0,0,1,1,240499
0,501,135,0,0,0,1,0,0,1,0,1,0,0,1,1,240799
0,390,292,0,0,0,1,0,0,1,0,0,0,0,1,1,241099
0,478,126,0,0,0,1,0,0,1,0,0,0,0,1,1,241399
0,317,23,0,0,0,1,0,0,1,0,0,0,0,1,1,241699
0,512,45,0,0,0,1,0,0,1,0,0,0,1,1,1,241999
0,319,17,0,0,0,1,0,0,1,0,0,0,1,1,1,242299
0,657,18,0,0,0,1,0,0,1,0,0,1,1,1,1,242599
0,370,82,0,0,0,1,0,0,1,0,0,0,1,1,1,242899
0,635,97,0,0,0,1,0,0,1,0,0,0,0,1,1,243199
0,515,105,0,0,0,1,0,0,1,0,0,1,0,1,1,243499
0,630,53,0,0,0,1,0,0,1,0,0,0,1,1,1,243799
0,371,96,0,0,0,1,0,0,1,0,0,0,0,1,1,244099
0,445,51,0,0,0,1,0,0,1,0,0,0,0,1,1,244399
0,620,17,0,0,0,1,0,0,1,0,0,1,1,1,1,244699
0,589,119,0,0,0,1,0,0,1,0,0,0,0,1,1,244999
0,383,14,0,0,0,1,0,0,1,0,0,0,0,1,1,245299
0,481,20,0,0,0,1,0,0,1,0,0,1,1,1,1,245599
0,465,34,0,0,0,1,0,0,1,0,0,0,1,1,1,245899
0,252,43,0,0,0,1,0,0,1,0,0,0,0,1,1,246199
0,390,4,0,0,0,1,0,0,1,0,0,0,0,1,1,246499
0,438,25,0,0,0,1,0,0,1,0,0,0,0,1,1,246799
0,590,22,0,0,0,1,0,0,1,0,0,1,0,1,1,247099
0,362,16,0,0,0,1,0,0,1,0,0,1,1,1,1,247399
0,492,122,0,0,0,1,0,0,1,0,0,0,1,1,1,247699
0,611,27,0,0,0,1,0,0,1,0,0,1,0,1,1,247999
0,388,7,0,0,0,1,0,0,1,0,0,0,0,1,1,248299
0,388,37,0,0,0,1,0,0,1,0,0,1,1,1,1,248599
0,524,147,0,0,0,1,0,0,1,0,0,0,1,1,1,248899
0,278,13,0,0,0,1,0,0,1,0,0,1,0,1,1,249199
0,379,40,0,0,0,1,0,0,1,0,0,0,0,1,1,249499
0,510,105,0,0,0,1,0,0,1,0,1,0,0,1,1,249799
0,615,44,0,0,0,1,0,0,1,0,0,1,0,1,1,250099
0,530,26,0,0,0,1,0,0,1,0,0,0,0,1,1,250399
0,402,64,0,0,0,1,0,0,1,0,0,0,0,1,1,250699
0,454,125,0,0,0,1,0,0,1,0,0,0,0,1,1,250999
0,621,57,0,0,0,1,0,0,1,0,0,0,1,1,1,251299
0,451,51,0,0,0,1,0,0,1,0,0,1,1,1,1,251599
0,592,168,0,0,0,1,0,0,1,0,0,1,0,1,1,251899
0,361,68,0,0,0,1,0,0,1,1,0,0,0,1,1,252199
0,560,76,0,0,0,1,0,0,1,0,0,0,0,1,1,252499
0,495,60,0,0,0,1,0,0,1,0,0,0,0,1,1,252799
0,472,120,0,0,0,1,0,0,1,0,0,0,1,1,1,253099
0,423,43,0,0,0,1,0,0,1,0,0,1,0,1,1,253399
0,516,131,0,0,0,1,0,0,1,0,0,0,1,1,1,253699
0,536,80,0,0,0,1,0,0,1,0,1,0,0,1,1,253999
0,532,66,0,0,0,1,0,0,1,0,0,0,0,1,1,254299
0,316,47,0,0,0,1,0,0,1,0,0,1,1,1,1,254599
0,326,25,0,0,0,1,0,0,1,0,0,0,1,1,1,254899
0,424,12,0,0,0,1,0,0,1,0,0,0,0,1,1,255199
0,433,68,0,0,0,1,0,0,1,0,0,0,0,1,1,255499
0,540,78,0,0,0,1,0,0,1,0,1,1,0,1,1,255799
0,498,86,0,0,0,1,0,0,1,0,0,0,0,1,1,256099
0,341,43,0,0,0,1,0,0,1,0,0,0,0,1,1,256399
0,462,69,0,0,0,1,0,0,1,0,0,0,0,1,1,256699
0,412,77,0,0,0,1,0,0,1,0,0,0,0,1,1,256999
0,486,33,0,0,0,1,0,0,1,0,0,0,1,1,1,257299
0,456,57,0,0,0,1,0,0,1,0,0,0,0,1,1,257599
0,450,70,0,0,0,1,0,0,1,0,0,0,0,1,1,257899
0,458,101,0,0,0,1,0,0,1,0,0,0,0,1,1,258199
0,410,63,0,0,0,1,0,0,1,0,0,0,0,1,1,258499
0,243,15,0,0,0,1,0,0,1,0,0,0,0,1,1,258799
0,439,55,0,0,0,1,0,0,1,0,0,0,1,1,1,259099
0,514,46,0,0,0,1,0,0,1,0,0,0,0,1,1,259399
0,546,83,0,0,0,1,0,0,1,0,0,0,0,1,1,259699
0,500,66,0,0,0,1,0,0,1,0,0,1,0,1,1,259999
0,524,44,0,0,0,1,0,0,1,0,0,0,0,1,1,260299
0,495,40,0,0,0,1,0,0,1,0,0,0,0,1,1,260599
0,546,170,0,0,0,1,0,0,1,0,0,0,0,1,1,260899
0,443,69,0,0,0,1,0,0,1,1,0,0,0,1,1,261199
0,441,67,0,0,0,1,0,0,1,0,0,1,1,1,1,261499
0,412,40,0,0,0,1,0,0,1,0,0,0,1,1,1,261799
0,449,77,0,0,0,1,0,0,1,0,0,1,1,1,1,262099
0,417,64,0,0,0,1,0,0,1,0,0,1,1,1,1,262399
0,704,129,0,0,0,1,0,0,1,0,0,0,1,1,1,262699
0,589,145,0,0,0,1,0,0,1,0,0,1,1,1,1,262999
0,548,133,0,0,0,1,0,0,1,0,0,0,0,1,1,263299
0,502,108,0,0,0,1,0,0,1,0,0,0,1,1,1,263599
0,413,46,0,0,0,1,0,0,1,0,0,0,0,1,1,263899
0,634,28,0,0,0,1,0,0,1,0,0,1,0,1,1,264199
0,396,24,0,0,0,1,0,0,1,0,0,0,0,1,1,264499
0,527,109,0,0,0,1,0,0,1,0,0,0,1,1,1,264799
0,425,54,0,0,0,1,0,0,1,0,0,0,0,1,1,265099
0,433,98,0,0,0,1,0,0,1,0,0,1,1,1,1,265399
0,511,71,0,0,0,1,0,0,1,0,0,0,1,1,1,265699
0,530,50,0,0,0,1,0,0,1,0,0,1,0,1,1,265999
0,485,120,0,0,0,1,0,0,1,1,0,1,0,1,1,266299
0,535,140,0,0,0,1,0,0,1,0,0,0,1,1,1,266599
0,618,81,0,0,0,1,0,0,1,0,1,1,0,1,1,266899
0,677,30,0,0,0,1,0,0,1,0,0,1,1,1,1,267199
0,593,27,0,0,0,1,0,0,1,0,0,1,0,1,1,267499
0,390,75,0,0,0,1,0,0,1,0,0,0,0,1,1,267799
0,482,69,0,0,0,1,0,0,1,0,0,0,1,1,1,268099
0,522,58,0,0,0,1,0,0,1,0,0,0,0,1,1,268399
0,519,49,0,0,0,1,0,0,1,0,0,0,0,1,1,268699
0,443,62,0,0,0,1,0,0,1,0,0,0,1,1,1,268999
0,496,79,0,0,0,1,0,0,1,0,0,1,0,1,1,269299
0,430,55,0,0,0,1,0,0,1,0,0,0,1,1,1,269599
0,547,16,0,0,0,1,0,0,1,1,0,0,0,1,1,269899
0,378,35,0,0,0,1,0,0,1,0,0,0,0,1,1,270199
0,285,158,0,0,0,1,0,0,1,0,0,0,0,1,1,270499
0,462,42,0,0,0,1,0,0,1,0,0,1,0,1,1,270799
0,581,83,0,0,0,1,0,0,1,0,0,0,0,1,1,271099
0,270,127,0,0,0,1,0,0,1,1,0,0,0,1,1,271399
0,510,30,0,0,0,1,0,0,1,0,1,0,0,1,1,271699
0,292,53,0,0,0,1,0,0,1,0,0,0,0,1,1,271999
0,345,21,0,0,0,1,0,0,1,0,0,1,1,1,1,272299
0,538,42,0,0,0,1,0,0,1,0,1,1,1,1,1,272599
0,632,121,0,0,0,1,0,0,1,1,0,0,1,1,1,272899
0,465,134,0,0,0,1,0,0,1,0,0,1,1,1,1,273199
0,391,94,0,0,0,1,0,0,1,0,1,0,1,1,1,273499
0,630,100,0,0,0,1,0,0,1,0,0,0,0,1,1,273799
0,536,106,0,0,0,1,0,0,1,0,0,1,1,1,1,274099
0,456,218,0,0,0,1,0,0,1,1,0,0,1,1,1,274399
0,517,68,0,0,0,1,0,0,1,0,0,0,1,1,1,274699
0,392,152,0,0,0,1,0,0,1,0,0,1,1,1,1,274999
0,472,62,0,0,0,1,0,0,1,0,0,0,0,1,1,275299
0,429,104,0,0,0,1,0,0,1,0,0,1,1,1,1,275599
0,410,133,0,0,0,1,0,0,1,0,1,0,0,1,1,275899
0,599,84,0,0,0,1,0,0,1,0,0,0,1,1,1,276199
0,459,85,0,0,0,1,0,0,1,0,0,0,0,1,1,276499
0,358,114,0,0,0,1,0,0,1,0,0,1,0,1,1,276799
0,312,96,0,0,0,1,0,0,1,0,0,0,0,1,1,277099
0,589,176,0,0,0,1,0,0,1,0,0,0,0,1,1,277399
0,486,119,0,0,0,1,0,0,1,0,1,0,0,1,1,277699
0,405,72,0,0,0,1,0,0,1,0,0,0,1,1,1,277999
0,543,103,0,0,0,1,0,0,1,0,0,0,1,1,1,278299
0,476,44,0,0,0,1,0,0,1,0,0,1,0,1,1,278599
0,424,47,0,0,0,1,0,0,1,0,0,0,0,1,1,278899
0,318,26,0,0,0,1,0,0,1,0,0,0,0,1,1,279199
0,388,76,0,0,0,1,0,0,1,0,0,1,0,1,1,279499
0,443,70,0,0,0,1,0,0,1,0,0,0,1,1,1,279799
0,380,38,0,0,0,1,0,0,1,0,0,0,1,1,1,280099
0,487,24,0,0,0,1,0,0,1,0,0,0,0,1,1,280399
0,335,6,0,0,0,1,0,0,1,0,0,0,1,1,1,280699
0,440,110,0,0,0,1,0,0,1,0,0,1,0,1,1,280999
0,418,35,0,0,0,1,0,0,1,0,0,0,0,1,1,281299
0,416,24,0,0,0,1,0,0,1,0,0,1,0,1,1,281599
0,547,127,0,0,0,1,0,0,1,0,0,0,0,1,1,281899
0,475,72,0,0,0,1,0,0,1,0,0,1,0,1,1,282199
0,501,222,0,0,0,1,0,0,1,0,0,0,1,1,1,282499
0,457,18,0,0,0,1,0,0,1,0,0,0,0,1,1,282799
0,551,25,0,0,0,1,0,0,1,0,0,0,0,1,1,283099
0,391,64,0,0,0,1,0,0,1,0,0,0,0,1,1,283399
0,520,38,0,0,0,1,0,0,1,0,0,0,0,1,1,283699
0,443,16,0,0,0,1,0,0,1,0,0,1,0,1,1,283999
0,435,110,0,0,0,1,0,0,1,0,0,0,1,1,1,284299
0,441,20,0,0,0,1,0,0,1,0,0,0,1,1,1,284599
0,442,25,0,0,0,1,0,0,1,0,0,0,0,1,1,284899
0,589,58,0,0,0,1,0,0,1,0,0,1,1,1,1,285199
0,337,102,0,0,0,1,0,0,1,0,0,0,0,1,1,285499
0,432,4,0,0,0,1,0,0,1,0,0,1,0,1,1,285799
0,461,71,0,0,0,1,0,0,1,0,0,1,1,1,1,286099
0,417,137,0,0,0,1,0,0,1,0,0,0,0,1,1,286399
0,471,101,0,0,0,1,0,0,1,0,0,0,1,1,1,286699
0,413,69,0,0,0,1,0,0,1,0,0,1,0,1,1,286999
0,510,52,0,0,0,1,0,0,1,0,0,0,0,1,1,287299
0,273,10,0,0,0,1,0,0,1,0,0,0,0,1,1,287599
0,552,105,0,0,0,1,0,0,1,0,0,0,0,1,1,287899
0,545,177,0,0,0,1,0,0,1,0,0,0,0,1,1,288199
0,565,65,0,0,0,1,0,0,1,0,0,0,1,1,1,288499
0,535,59,0,0,0,1,0,0,1,0,0,0,0,1,1,288799
0,327,34,0,0,0,1,0,0,1,0,0,0,0,1,1,289099
0,413,29,0,0,0,1,0,0,1,0,0,1,0,1,1,289399
0,463,115,0,0,0,1,0,0,1,0,0,1,1,1,1,289699
0,433,77,0,0,0,1,0,0,1,0,0,0,0,1,1,289999
0,407,82,0,0,0,1,0,0,1,0,0,1,0,1,1,290299
0,415,114,0,0,0,1,0,0,1,1,0,0,0,1,1,290599
0,432,80,0,0,0,1,0,0,1,0,0,0,1,1,1,290899
0,554,107,0,0,0,1,0,0,1,0,0,1,0,1,1,291199
0,369,35,0,0,0,1,0,0,1,0,0,1,1,1,1,291499
0,531,19,0,0,0,1,0,0,1,0,0,1,0,1,1,291799
0,490,44,0,0,0,1,0,0,1,0,0,0,1,1,1,292099
0,525,96,0,0,0,1,0,0,1,0,0,0,1,1,1,292399
0,435,19,0,0,0,1,0,0,1,0,0,0,0,1,1,292699
0,534,168,0,0,0,1,0,0,1,0,0,0,0,1,1,292999
0,459,62,0,0,0,1,0,0,1,0,0,0,1,1,1,293299
0,629,69,0,0,0,1,0,0,1,0,0,1,0,1,1,293599
0,620,60,0,0,0,1,0,0,1,0,0,1,0,1,1,293899
0,370,111,0,0,0,1,0,0,1,1,0,0,1,1,1,294199
0,420,137,0,0,0,1,0,0,1,0,0,0,0,1,1,294499
0,440,59,0,0,0,1,0,0,1,0,0,1,0,1,1,294799
0,468,90,0,0,0,1,0,0,1,0,0,1,1,1,1,295099
0,452,72,0,0,0,1,0,0,1,0,0,1,0,1,1,295399
0,534,90,0,0,0,1,0,0,1,0,0,1,1,1,1,295699
0,566,120,0,0,0,1,0,0,1,0,0,0,1,1,1,295999
0,356,101,0,0,0,1,0,0,1,0,0,0,0,1,1,296299
0,526,90,0,0,0,1,0,0,1,0,0,0,0,1,1,296599
0,390,31,0,0,0,1,0,0,1,0,0,0,0,1,1,296899
0,360,30,0,0,0,1,0,0,1,0,0,1,0,1,1,297199
0,537,192,0,0,0,1,0,0,1,0,0,0,0,1,1,297499
0,569,64,0,0,0,1,0,0,1,0,0,1,0,1,1,297799
0,390,74,0,0,0,1,0,0,1,0,0,0,0,1,1,298099
0,277,78,0,0,0,1,0,0,1,0,0,1,0,1,1,298399
0,424,141,0,0,0,1,0,0,1,0,0,0,0,1,1,298699
0,530,17,0,0,0,1,0,0,1,0,0,0,0,1,1,298999
0,361,44,0,0,0,1,0,0,1,0,0,0,0,1,1,299299
0,411,56,0,0,0,1,0,0,1,0,0,0,1,1,1,299599
0,307,13,0,0,0,1,0,0,1,0,0,0,0,1,1,299899
